{
  "main": {
    "name":"Brad Traversy",
    "occupation":"Web developer, programmer and designer",
    "description":"I design and program websites and web applications of all types. I also teach web dev courses",
    "image":"profilepic.jpg",
    "bio":"Sed ut perspiciatis unde omnis iste natus error sit voluptatem accusantium doloremque laudantium, totam rem aperiam, eaque ipsa quae ab illo inventore veritatis et quasi architecto beatae vitae dicta sunt explicabo. Nemo enim ipsam voluptatem quia voluptas sit aspernatur aut odit aut fugit, sed quia consequuntur magni dolores eos qui ratione voluptatem sequi nesciunt. Neque porro quisquam est, qui dolorem ipsum quia dolor sit amet, consectetur, adipisci velit, sed quia non numquam eius modi tempora incidunt ut labore et dolore magnam aliquam quaerat voluptatem. Ut enim ad minima veniam, quis nostrum exercitationem ullam corporis suscipit laboriosam.",
    "email": "bradtraversy@gmail.com",
    "phone": "555-555-5555",
    "address":{
      "street":"933 Albany st, Suite 3",
      "city":"Boston",
      "state":"MA",
      "zip": "20293"
    },
    "website": "http://www.techguywebsolutions.com",
    "resumedownload":"http://something.com",
    "social":[
      {
        "name":"facebook",
        "url":"http://facebook.com",
        "className":"fa fa-facebook"
      },
      {
        "name":"twitter",
        "url":"http://twitter.com",
        "className":"fa fa-twitter"
      },
      {
        "name":"google-plus",
        "url":"http://googleplus.com",
        "className":"fa fa-google-plus"
      },
      {
        "name":"linkedin",
        "url":"http://linkedin.com",
        "className":"fa fa-linkedin"
      },
      {
        "name":"instagram",
        "url":"http://instagram.com",
        "className":"fa fa-instagram"
      },
      {
        "name":"github",
        "url":"http://github.com",
        "className":"fa fa-github"
      },
      {
        "name":"skype",
        "url":"http://skype.com",
        "className":"fa fa-skype"
      }
    ]
  },
  "resume":{
    "education":[
      {
        "school":"University of Life",
        "degree":"Master in Graphic Design",
        "graduated":"April 2007",
        "description":"Lorem ipsum dolor sit amet, consectetuer adipiscing elit. Aenean commodo ligula eget dolor. Aenean massa. Cum sociis natoque penatibus et magnis dis parturient montes, nascetur ridiculus mus. Donec quam felis, ultricies nec, pellentesque eu, pretium quis, sem. Nulla consequat massa quis enim. Donec pede justo, fringilla vel, aliquet nec, vulputate eget, arcu. Nullam dictum felis eu pede mollis pretium."
      },
      {
        "school":"School of Cool Designers",
        "degree":"B.A. Degree in Graphic Design",
        "graduated":"March 2003",
        "description":"This is Photoshops version of Lorem Ipsum. Proin gravida nibh vel velit auctor aliquet. Aenean sollicitudin, lorem quis bibendum auctor, nisi elit consequat ipsum, nec sagittis sem nibh id elit. Duis sed odio sit amet nibh vulputate cursus a sit amet mauris. Morbi accumsan ipsum velit. Nam nec tellus a odio tincidunt auctor a ornare odio. Sed non mauris vitae erat"
      }
    ],
    "work":[
      {
        "company":"Awesome Design Studio",
        "title":"Senior UX Designer ",
        "years":"March 2010 - Present",
        "description":"Lorem ipsum dolor sit amet, consectetuer adipiscing elit. Aenean commodo ligula eget dolor. Aenean massa. Cum sociis natoque penatibus et magnis dis parturient montes, nascetur ridiculus mus. Donec quam felis, ultricies nec, pellentesque eu, pretium quis, sem. Nulla consequat massa quis enim. Donec pede justo, fringilla vel, aliquet nec, vulputate eget, arcu. Nullam dictum felis eu pede mollis pretium."
      },
      {
        "company":"Super Cool Studio",
        "title":"UX Designer",
        "years":"March 2007 - February 2010",
        "description":"This is Photoshops version of Lorem Ipsum. Proin gravida nibh vel velit auctor aliquet. Aenean sollicitudin, lorem quis bibendum auctor, nisi elit consequat ipsum, nec sagittis sem nibh id elit. Duis sed odio sit amet nibh vulputate cursus a sit amet mauris. Morbi accumsan ipsum velit. Nam nec tellus a odio tincidunt auctor a ornare odio. Sed non mauris vitae erat"
      }
    ],
    "skills":[
      {
        "name":"Photoshop",
        "level":"60%"
      },
      {
        "name":"Illustrator",
        "level":"55%"
      },
      {
        "name":"Wordpress",
        "level":"50%"
      },
      {
        "name":"CSS",
        "level":"90%"
      },
      {
        "name":"HTML5",
        "level":"80%"
      },
      {
        "name":"jQuery",
        "level":"50%"
      }
    ]
  },
  "portfolio":{
    "projects": [
      {
        "title":"Coffee Cup",
        "description":"Proin gravida nibh vel velit auctor aliquet. Aenean sollicitudin, lorem quis bibendum auctor, nisi elit consequat ipsum, nec sagittis sem nibh id elit.",
        "category":"Illustrator",
        "tags":"Branding, Web Design",
        "image":"coffee.jpg",
        "url":"http://port1.com",
        "modal":"#modal-01"
      },
      {
        "title":"Console",
        "description":"Proin gravida nibh vel velit auctor aliquet. Aenean sollicitudin, lorem quis bibendum auctor, nisi elit consequat ipsum, nec sagittis sem nibh id elit.",
        "category":"Web Design",
        "tags":"Branding, Web Development",
        "image":"console.jpg",
        "url":"http://port2.com",
        "modal":"#modal-02"
      },
      {
        "title":"Judah",
        "description":"Proin gravida nibh vel velit auctor aliquet. Aenean sollicitudin, lorem quis bibendum auctor, nisi elit consequat ipsum, nec sagittis sem nibh id elit.",
        "category":"Web Development",
        "tags":"Branding, Web Programming",
        "image":"judah.jpg",
        "url":"http://port3.com",
        "modal":"#modal-03"
      },
      {
        "title":"Into The Light",
        "description":"Proin gravida nibh vel velit auctor aliquet. Aenean sollicitudin, lorem quis bibendum auctor, nisi elit consequat ipsum, nec sagittis sem nibh id elit.",
        "category":"Photography",
        "tags":"Photography, Design",
        "image":"into-the-light.jpg",
        "url":"http://port4.com",
        "modal":"#modal-04"
      },
      {
        "title":"Farmer Boy",
        "description":"Proin gravida nibh vel velit auctor aliquet. Aenean sollicitudin, lorem quis bibendum auctor, nisi elit consequat ipsum, nec sagittis sem nibh id elit.",
        "category":"Branding",
        "tags":"Branding, Web Design",
        "image":"farmerboy.jpg",
        "url":"http://port5.com",
        "modal":"#modal-05"
      },
      {
        "title":"Girl",
        "description":"Proin gravida nibh vel velit auctor aliquet. Aenean sollicitudin, lorem quis bibendum auctor, nisi elit consequat ipsum, nec sagittis sem nibh id elit.",
        "category":"Photography",
        "tags":"Photography, Graphic Design",
        "image":"girl.jpg",
        "url":"http://port6.com",
        "modal":"#modal-06"
      },
      {
        "title":"Origami",
        "description":"Proin gravida nibh vel velit auctor aliquet. Aenean sollicitudin, lorem quis bibendum auctor, nisi elit consequat ipsum, nec sagittis sem nibh id elit.",
        "category":"Illustration",
        "tags":"Branding, Illustration",
        "image":"origami.jpg",
        "url":"http://port7.com",
        "modal":"#modal-07"
      },
      {
        "title":"Retrocam",
        "description":"Proin gravida nibh vel velit auctor aliquet. Aenean sollicitudin, lorem quis bibendum auctor, nisi elit consequat ipsum, nec sagittis sem nibh id elit.",
        "category":"Web Development",
        "tags":"Photography",
        "image":"retrocam.jpg",
        "url":"http://port8.com",
        "modal":"#modal-08"
      }
    ]
  },
  "testimonials":{
    "testimonials":[
      {
        "text":"Proin gravida nibh vel velit auctor aliquet. Aenean sollicitudin, lorem quis bibendum auctor, nisi elit consequat ipsum, nec sagittis sem nibh id elit.",
        "user":"John Doe"
      },
      {
        "text":"Proin gravida nibh vel velit auctor aliquet. Aenean sollicitudin, lorem quis bibendum auctor, nisi elit consequat ipsum, nec sagittis sem nibh id elit.",
        "user":"Steve Smith"
      }
    ]
  }
}
